{
  "total_examples": 1193,
  "by_phase": {
    "triage": 62,
    "specification": 0,
    "rtl_design": 1120,
    "synthesis": 4,
    "placement": 6,
    "routing": 0,
    "timing_analysis": 1,
    "power_analysis": 0
  },
  "unclassified": 0,
  "phase_percentages": {
    "triage": 5.1969823973176865,
    "specification": 0.0,
    "rtl_design": 93.88097233864208,
    "synthesis": 0.3352891869237217,
    "placement": 0.5029337803855826,
    "routing": 0.0,
    "timing_analysis": 0.08382229673093043,
    "power_analysis": 0.0
  }
}